{
    "User ID": "3",
    "Reason for test termation": "3",
    "Average Heart Rate": 133.33333333333334,
    "Maximum Heart Rate": 186.0,
    "Test Length (s)": 180,
    "Test Power (W)": 300,
    "Variance Heart Rate": 133.03777613579337
}